herbavore_resistance_G2H3B,0.16,6
herbavore_resistance_G2H3B,0.064,53
herbavore_resistance_G2H3B,0.0256,194
herbavore_resistance_G2H3B,0.01024,364
herbavore_resistance_G2H3B,0.004096,461
herbavore_resistance_G2H3B,0.16,7
herbavore_resistance_G2H3B,0.064,53
herbavore_resistance_G2H3B,0.0256,210
herbavore_resistance_G2H3B,0.01024,369
herbavore_resistance_G2H3B,0.004096,470
herbavore_resistance_G2H3B,0.16,6
herbavore_resistance_G2H3B,0.064,47
herbavore_resistance_G2H3B,0.0256,200
herbavore_resistance_G2H3B,0.01024,362
herbavore_resistance_G2H3B,0.004096,479
herbavore_resistance_G2H3B,0.16,8
herbavore_resistance_G2H3B,0.064,49
herbavore_resistance_G2H3B,0.0256,207
herbavore_resistance_G2H3B,0.01024,388
herbavore_resistance_G2H3B,0.004096,473
herbavore_resistance_G2H3B,0.16,4
herbavore_resistance_G2H3B,0.064,52
herbavore_resistance_G2H3B,0.0256,206
herbavore_resistance_G2H3B,0.01024,369
herbavore_resistance_G2H3B,0.004096,463
herbavore_resistance_G2H3B,0.16,7
herbavore_resistance_G2H3B,0.064,62
herbavore_resistance_G2H3B,0.0256,213
herbavore_resistance_G2H3B,0.01024,393
herbavore_resistance_G2H3B,0.004096,474
herbavore_resistance_G2H3B,0.16,8
herbavore_resistance_G2H3B,0.064,57
herbavore_resistance_G2H3B,0.0256,189
herbavore_resistance_G2H3B,0.01024,370
herbavore_resistance_G2H3B,0.004096,458
herbavore_resistance_G2H3B,0.16,5
herbavore_resistance_G2H3B,0.064,44
herbavore_resistance_G2H3B,0.0256,186
herbavore_resistance_G2H3B,0.01024,356
herbavore_resistance_G2H3B,0.004096,459
herbavore_resistance_G2H3B,0.16,5
herbavore_resistance_G2H3B,0.064,52
herbavore_resistance_G2H3B,0.0256,207
herbavore_resistance_G2H3B,0.01024,387
herbavore_resistance_G2H3B,0.004096,476
herbavore_resistance_G2H3B,0.16,5
herbavore_resistance_G2H3B,0.064,47
herbavore_resistance_G2H3B,0.0256,202
herbavore_resistance_G2H3B,0.01024,363
herbavore_resistance_G2H3B,0.004096,469
herbavore_resistance_G2H4P,0.16,5
herbavore_resistance_G2H4P,0.064,51
herbavore_resistance_G2H4P,0.0256,218
herbavore_resistance_G2H4P,0.01024,369
herbavore_resistance_G2H4P,0.004096,468
herbavore_resistance_G2H4P,0.16,6
herbavore_resistance_G2H4P,0.064,44
herbavore_resistance_G2H4P,0.0256,213
herbavore_resistance_G2H4P,0.01024,359
herbavore_resistance_G2H4P,0.004096,477
herbavore_resistance_G2H4P,0.16,3
herbavore_resistance_G2H4P,0.064,49
herbavore_resistance_G2H4P,0.0256,202
herbavore_resistance_G2H4P,0.01024,381
herbavore_resistance_G2H4P,0.004096,477
herbavore_resistance_G2H4P,0.16,5
herbavore_resistance_G2H4P,0.064,60
herbavore_resistance_G2H4P,0.0256,219
herbavore_resistance_G2H4P,0.01024,387
herbavore_resistance_G2H4P,0.004096,479
herbavore_resistance_G2H4P,0.16,6
herbavore_resistance_G2H4P,0.064,50
herbavore_resistance_G2H4P,0.0256,212
herbavore_resistance_G2H4P,0.01024,391
herbavore_resistance_G2H4P,0.004096,479
herbavore_resistance_G2H4P,0.16,6
herbavore_resistance_G2H4P,0.064,51
herbavore_resistance_G2H4P,0.0256,217
herbavore_resistance_G2H4P,0.01024,394
herbavore_resistance_G2H4P,0.004096,477
herbavore_resistance_G2H4P,0.16,5
herbavore_resistance_G2H4P,0.064,66
herbavore_resistance_G2H4P,0.0256,204
herbavore_resistance_G2H4P,0.01024,391
herbavore_resistance_G2H4P,0.004096,473
herbavore_resistance_G2H4P,0.16,5
herbavore_resistance_G2H4P,0.064,55
herbavore_resistance_G2H4P,0.0256,215
herbavore_resistance_G2H4P,0.01024,399
herbavore_resistance_G2H4P,0.004096,482
herbavore_resistance_G2H4P,0.16,5
herbavore_resistance_G2H4P,0.064,51
herbavore_resistance_G2H4P,0.0256,192
herbavore_resistance_G2H4P,0.01024,381
herbavore_resistance_G2H4P,0.004096,473
herbavore_resistance_G2H4P,0.16,4
herbavore_resistance_G2H4P,0.064,52
herbavore_resistance_G2H4P,0.0256,215
herbavore_resistance_G2H4P,0.01024,384
herbavore_resistance_G2H4P,0.004096,468
herbavore_resistance_G2P,0.16,11
herbavore_resistance_G2P,0.064,54
herbavore_resistance_G2P,0.0256,230
herbavore_resistance_G2P,0.01024,388
herbavore_resistance_G2P,0.004096,470
herbavore_resistance_G2P,0.16,11
herbavore_resistance_G2P,0.064,64
herbavore_resistance_G2P,0.0256,215
herbavore_resistance_G2P,0.01024,390
herbavore_resistance_G2P,0.004096,467
herbavore_resistance_G2P,0.16,6
herbavore_resistance_G2P,0.064,55
herbavore_resistance_G2P,0.0256,247
herbavore_resistance_G2P,0.01024,396
herbavore_resistance_G2P,0.004096,481
herbavore_resistance_G2P,0.16,15
herbavore_resistance_G2P,0.064,58
herbavore_resistance_G2P,0.0256,228
herbavore_resistance_G2P,0.01024,389
herbavore_resistance_G2P,0.004096,477
herbavore_resistance_G2P,0.16,8
herbavore_resistance_G2P,0.064,53
herbavore_resistance_G2P,0.0256,210
herbavore_resistance_G2P,0.01024,397
herbavore_resistance_G2P,0.004096,476
herbavore_resistance_G2P,0.16,12
herbavore_resistance_G2P,0.064,57
herbavore_resistance_G2P,0.0256,211
herbavore_resistance_G2P,0.01024,403
herbavore_resistance_G2P,0.004096,493
herbavore_resistance_G2P,0.16,10
herbavore_resistance_G2P,0.064,50
herbavore_resistance_G2P,0.0256,223
herbavore_resistance_G2P,0.01024,400
herbavore_resistance_G2P,0.004096,484
herbavore_resistance_G2P,0.16,9
herbavore_resistance_G2P,0.064,64
herbavore_resistance_G2P,0.0256,237
herbavore_resistance_G2P,0.01024,406
herbavore_resistance_G2P,0.004096,489
herbavore_resistance_G2P,0.16,11
herbavore_resistance_G2P,0.064,61
herbavore_resistance_G2P,0.0256,227
herbavore_resistance_G2P,0.01024,390
herbavore_resistance_G2P,0.004096,475
herbavore_resistance_G2P,0.16,8
herbavore_resistance_G2P,0.064,61
herbavore_resistance_G2P,0.0256,214
herbavore_resistance_G2P,0.01024,395
herbavore_resistance_G2P,0.004096,481
herbavore_resistance_G3B,0.16,3
herbavore_resistance_G3B,0.064,78
herbavore_resistance_G3B,0.0256,248
herbavore_resistance_G3B,0.01024,400
herbavore_resistance_G3B,0.004096,468
herbavore_resistance_G3B,0.16,6
herbavore_resistance_G3B,0.064,68
herbavore_resistance_G3B,0.0256,229
herbavore_resistance_G3B,0.01024,385
herbavore_resistance_G3B,0.004096,463
herbavore_resistance_G3B,0.16,5
herbavore_resistance_G3B,0.064,50
herbavore_resistance_G3B,0.0256,239
herbavore_resistance_G3B,0.01024,407
herbavore_resistance_G3B,0.004096,471
herbavore_resistance_G3B,0.16,5
herbavore_resistance_G3B,0.064,66
herbavore_resistance_G3B,0.0256,258
herbavore_resistance_G3B,0.01024,409
herbavore_resistance_G3B,0.004096,486
herbavore_resistance_G3B,0.16,4
herbavore_resistance_G3B,0.064,53
herbavore_resistance_G3B,0.0256,240
herbavore_resistance_G3B,0.01024,405
herbavore_resistance_G3B,0.004096,474
herbavore_resistance_G3B,0.16,4
herbavore_resistance_G3B,0.064,75
herbavore_resistance_G3B,0.0256,265
herbavore_resistance_G3B,0.01024,413
herbavore_resistance_G3B,0.004096,482
herbavore_resistance_G3B,0.16,4
herbavore_resistance_G3B,0.064,68
herbavore_resistance_G3B,0.0256,235
herbavore_resistance_G3B,0.01024,389
herbavore_resistance_G3B,0.004096,472
herbavore_resistance_G3B,0.16,7
herbavore_resistance_G3B,0.064,54
herbavore_resistance_G3B,0.0256,233
herbavore_resistance_G3B,0.01024,400
herbavore_resistance_G3B,0.004096,487
herbavore_resistance_G3B,0.16,6
herbavore_resistance_G3B,0.064,60
herbavore_resistance_G3B,0.0256,242
herbavore_resistance_G3B,0.01024,395
herbavore_resistance_G3B,0.004096,481
herbavore_resistance_G3B,0.16,7
herbavore_resistance_G3B,0.064,62
herbavore_resistance_G3B,0.0256,242
herbavore_resistance_G3B,0.01024,393
herbavore_resistance_G3B,0.004096,466
herbavore_resistance_G3HP,0.16,2
herbavore_resistance_G3HP,0.064,20
herbavore_resistance_G3HP,0.0256,175
herbavore_resistance_G3HP,0.01024,358
herbavore_resistance_G3HP,0.004096,449
herbavore_resistance_G3HP,0.16,1
herbavore_resistance_G3HP,0.064,15
herbavore_resistance_G3HP,0.0256,192
herbavore_resistance_G3HP,0.01024,363
herbavore_resistance_G3HP,0.004096,461
herbavore_resistance_G3HP,0.16,2
herbavore_resistance_G3HP,0.064,17
herbavore_resistance_G3HP,0.0256,181
herbavore_resistance_G3HP,0.01024,366
herbavore_resistance_G3HP,0.004096,475
herbavore_resistance_G3HP,0.16,2
herbavore_resistance_G3HP,0.064,20
herbavore_resistance_G3HP,0.0256,184
herbavore_resistance_G3HP,0.01024,368
herbavore_resistance_G3HP,0.004096,470
herbavore_resistance_G3HP,0.16,3
herbavore_resistance_G3HP,0.064,21
herbavore_resistance_G3HP,0.0256,201
herbavore_resistance_G3HP,0.01024,385
herbavore_resistance_G3HP,0.004096,469
herbavore_resistance_G3HP,0.16,3
herbavore_resistance_G3HP,0.064,20
herbavore_resistance_G3HP,0.0256,178
herbavore_resistance_G3HP,0.01024,386
herbavore_resistance_G3HP,0.004096,463
herbavore_resistance_G3HP,0.16,2
herbavore_resistance_G3HP,0.064,21
herbavore_resistance_G3HP,0.0256,191
herbavore_resistance_G3HP,0.01024,353
herbavore_resistance_G3HP,0.004096,468
herbavore_resistance_G3HP,0.16,2
herbavore_resistance_G3HP,0.064,20
herbavore_resistance_G3HP,0.0256,191
herbavore_resistance_G3HP,0.01024,380
herbavore_resistance_G3HP,0.004096,475
herbavore_resistance_G3HP,0.16,3
herbavore_resistance_G3HP,0.064,21
herbavore_resistance_G3HP,0.0256,188
herbavore_resistance_G3HP,0.01024,394
herbavore_resistance_G3HP,0.004096,474
herbavore_resistance_G3HP,0.16,2
herbavore_resistance_G3HP,0.064,19
herbavore_resistance_G3HP,0.0256,182
herbavore_resistance_G3HP,0.01024,375
herbavore_resistance_G3HP,0.004096,469
herbavore_resistance_G4MSB,0.16,3
herbavore_resistance_G4MSB,0.064,48
herbavore_resistance_G4MSB,0.0256,201
herbavore_resistance_G4MSB,0.01024,362
herbavore_resistance_G4MSB,0.004096,472
herbavore_resistance_G4MSB,0.16,3
herbavore_resistance_G4MSB,0.064,54
herbavore_resistance_G4MSB,0.0256,201
herbavore_resistance_G4MSB,0.01024,387
herbavore_resistance_G4MSB,0.004096,480
herbavore_resistance_G4MSB,0.16,0
herbavore_resistance_G4MSB,0.064,41
herbavore_resistance_G4MSB,0.0256,197
herbavore_resistance_G4MSB,0.01024,392
herbavore_resistance_G4MSB,0.004096,465
herbavore_resistance_G4MSB,0.16,2
herbavore_resistance_G4MSB,0.064,55
herbavore_resistance_G4MSB,0.0256,208
herbavore_resistance_G4MSB,0.01024,387
herbavore_resistance_G4MSB,0.004096,461
herbavore_resistance_G4MSB,0.16,3
herbavore_resistance_G4MSB,0.064,47
herbavore_resistance_G4MSB,0.0256,174
herbavore_resistance_G4MSB,0.01024,365
herbavore_resistance_G4MSB,0.004096,469
herbavore_resistance_G4MSB,0.16,2
herbavore_resistance_G4MSB,0.064,50
herbavore_resistance_G4MSB,0.0256,215
herbavore_resistance_G4MSB,0.01024,370
herbavore_resistance_G4MSB,0.004096,474
herbavore_resistance_G4MSB,0.16,0
herbavore_resistance_G4MSB,0.064,52
herbavore_resistance_G4MSB,0.0256,197
herbavore_resistance_G4MSB,0.01024,366
herbavore_resistance_G4MSB,0.004096,477
herbavore_resistance_G4MSB,0.16,1
herbavore_resistance_G4MSB,0.064,52
herbavore_resistance_G4MSB,0.0256,215
herbavore_resistance_G4MSB,0.01024,386
herbavore_resistance_G4MSB,0.004096,482
herbavore_resistance_G4MSB,0.16,2
herbavore_resistance_G4MSB,0.064,41
herbavore_resistance_G4MSB,0.0256,211
herbavore_resistance_G4MSB,0.01024,379
herbavore_resistance_G4MSB,0.004096,483
herbavore_resistance_G4MSB,0.16,2
herbavore_resistance_G4MSB,0.064,49
herbavore_resistance_G4MSB,0.0256,201
herbavore_resistance_G4MSB,0.01024,367
herbavore_resistance_G4MSB,0.004096,456
herbavore_resistance_G4P,0.16,5
herbavore_resistance_G4P,0.064,64
herbavore_resistance_G4P,0.0256,239
herbavore_resistance_G4P,0.01024,388
herbavore_resistance_G4P,0.004096,490
herbavore_resistance_G4P,0.16,4
herbavore_resistance_G4P,0.064,57
herbavore_resistance_G4P,0.0256,233
herbavore_resistance_G4P,0.01024,404
herbavore_resistance_G4P,0.004096,477
herbavore_resistance_G4P,0.16,4
herbavore_resistance_G4P,0.064,51
herbavore_resistance_G4P,0.0256,232
herbavore_resistance_G4P,0.01024,406
herbavore_resistance_G4P,0.004096,476
herbavore_resistance_G4P,0.16,2
herbavore_resistance_G4P,0.064,46
herbavore_resistance_G4P,0.0256,240
herbavore_resistance_G4P,0.01024,395
herbavore_resistance_G4P,0.004096,484
herbavore_resistance_G4P,0.16,4
herbavore_resistance_G4P,0.064,46
herbavore_resistance_G4P,0.0256,249
herbavore_resistance_G4P,0.01024,405
herbavore_resistance_G4P,0.004096,483
herbavore_resistance_G4P,0.16,3
herbavore_resistance_G4P,0.064,59
herbavore_resistance_G4P,0.0256,251
herbavore_resistance_G4P,0.01024,392
herbavore_resistance_G4P,0.004096,492
herbavore_resistance_G4P,0.16,3
herbavore_resistance_G4P,0.064,50
herbavore_resistance_G4P,0.0256,217
herbavore_resistance_G4P,0.01024,389
herbavore_resistance_G4P,0.004096,472
herbavore_resistance_G4P,0.16,3
herbavore_resistance_G4P,0.064,45
herbavore_resistance_G4P,0.0256,209
herbavore_resistance_G4P,0.01024,376
herbavore_resistance_G4P,0.004096,475
herbavore_resistance_G4P,0.16,3
herbavore_resistance_G4P,0.064,57
herbavore_resistance_G4P,0.0256,250
herbavore_resistance_G4P,0.01024,389
herbavore_resistance_G4P,0.004096,476
herbavore_resistance_G4P,0.16,5
herbavore_resistance_G4P,0.064,55
herbavore_resistance_G4P,0.0256,218
herbavore_resistance_G4P,0.01024,394
herbavore_resistance_G4P,0.004096,476
herbavore_resistance_G5MSP,0.16,3
herbavore_resistance_G5MSP,0.064,55
herbavore_resistance_G5MSP,0.0256,234
herbavore_resistance_G5MSP,0.01024,381
herbavore_resistance_G5MSP,0.004096,480
herbavore_resistance_G5MSP,0.16,3
herbavore_resistance_G5MSP,0.064,53
herbavore_resistance_G5MSP,0.0256,218
herbavore_resistance_G5MSP,0.01024,380
herbavore_resistance_G5MSP,0.004096,473
herbavore_resistance_G5MSP,0.16,1
herbavore_resistance_G5MSP,0.064,48
herbavore_resistance_G5MSP,0.0256,211
herbavore_resistance_G5MSP,0.01024,383
herbavore_resistance_G5MSP,0.004096,478
herbavore_resistance_G5MSP,0.16,2
herbavore_resistance_G5MSP,0.064,52
herbavore_resistance_G5MSP,0.0256,241
herbavore_resistance_G5MSP,0.01024,381
herbavore_resistance_G5MSP,0.004096,473
herbavore_resistance_G5MSP,0.16,3
herbavore_resistance_G5MSP,0.064,67
herbavore_resistance_G5MSP,0.0256,229
herbavore_resistance_G5MSP,0.01024,392
herbavore_resistance_G5MSP,0.004096,468
herbavore_resistance_G5MSP,0.16,1
herbavore_resistance_G5MSP,0.064,54
herbavore_resistance_G5MSP,0.0256,231
herbavore_resistance_G5MSP,0.01024,389
herbavore_resistance_G5MSP,0.004096,475
herbavore_resistance_G5MSP,0.16,0
herbavore_resistance_G5MSP,0.064,46
herbavore_resistance_G5MSP,0.0256,221
herbavore_resistance_G5MSP,0.01024,383
herbavore_resistance_G5MSP,0.004096,473
herbavore_resistance_G5MSP,0.16,1
herbavore_resistance_G2P,0.16,11
herbavore_resistance_G2P,0.064,54
herbavore_resistance_G2P,0.0256,230
herbavore_resistance_G2P,0.01024,388
herbavore_resistance_G2P,0.004096,470
herbavore_resistance_G2P,0.0016384,512
herbavore_resistance_G2P,0.16,11
herbavore_resistance_G2P,0.064,64
herbavore_resistance_G2P,0.0256,215
herbavore_resistance_G2P,0.01024,390
herbavore_resistance_G2P,0.004096,467
herbavore_resistance_G2P,0.0016384,517
herbavore_resistance_G2P,0.16,6
herbavore_resistance_G2P,0.064,55
herbavore_resistance_G2P,0.0256,247
herbavore_resistance_G2P,0.01024,396
herbavore_resistance_G2P,0.004096,481
herbavore_resistance_G2P,0.0016384,506
herbavore_resistance_G2P,0.16,15
herbavore_resistance_G2P,0.064,58
herbavore_resistance_G2P,0.0256,228
herbavore_resistance_G2P,0.01024,389
herbavore_resistance_G2P,0.004096,477
herbavore_resistance_G2P,0.0016384,527
herbavore_resistance_G2P,0.16,8
herbavore_resistance_G2P,0.064,53
herbavore_resistance_G2P,0.0256,210
herbavore_resistance_G2P,0.01024,397
herbavore_resistance_G2P,0.004096,476
herbavore_resistance_G2P,0.0016384,524
herbavore_resistance_G2P,0.16,12
herbavore_resistance_G2P,0.064,57
herbavore_resistance_G2P,0.0256,211
herbavore_resistance_G2P,0.01024,403
herbavore_resistance_G2P,0.004096,493
herbavore_resistance_G2P,0.0016384,533
herbavore_resistance_G2P,0.16,10
herbavore_resistance_G2P,0.064,50
herbavore_resistance_G2P,0.0256,223
herbavore_resistance_G2P,0.01024,400
herbavore_resistance_G2P,0.004096,484
herbavore_resistance_G2P,0.0016384,518
herbavore_resistance_G2P,0.16,9
herbavore_resistance_G2P,0.064,64
herbavore_resistance_G2P,0.0256,237
herbavore_resistance_G2P,0.01024,406
herbavore_resistance_G2P,0.004096,489
herbavore_resistance_G2P,0.0016384,535
herbavore_resistance_G2P,0.16,11
herbavore_resistance_G2P,0.064,61
herbavore_resistance_G2P,0.0256,227
herbavore_resistance_G2P,0.01024,390
herbavore_resistance_G2P,0.004096,475
herbavore_resistance_G2P,0.0016384,519
herbavore_resistance_G2P,0.16,8
herbavore_resistance_G2P,0.064,61
herbavore_resistance_G2P,0.0256,214
herbavore_resistance_G2P,0.01024,395
herbavore_resistance_G2P,0.004096,481
herbavore_resistance_G2P,0.0016384,526
herbavore_resistance_G3B,0.16,3
herbavore_resistance_G3B,0.064,78
herbavore_resistance_G3B,0.0256,248
herbavore_resistance_G3B,0.01024,400
herbavore_resistance_G3B,0.004096,468
herbavore_resistance_G3B,0.0016384,509
herbavore_resistance_G3B,0.16,6
herbavore_resistance_G3B,0.064,68
herbavore_resistance_G3B,0.0256,229
herbavore_resistance_G3B,0.01024,385
herbavore_resistance_G3B,0.004096,463
herbavore_resistance_G3B,0.0016384,523
herbavore_resistance_G3B,0.16,5
herbavore_resistance_G3B,0.064,50
herbavore_resistance_G3B,0.0256,239
herbavore_resistance_G3B,0.01024,407
herbavore_resistance_G3B,0.004096,471
herbavore_resistance_G3B,0.0016384,517
herbavore_resistance_G3B,0.16,5
herbavore_resistance_G3B,0.064,66
herbavore_resistance_G3B,0.0256,258
herbavore_resistance_G3B,0.01024,409
herbavore_resistance_G3B,0.004096,486
herbavore_resistance_G3B,0.0016384,532
herbavore_resistance_G3B,0.16,4
herbavore_resistance_G3B,0.064,53
herbavore_resistance_G3B,0.0256,240
herbavore_resistance_G3B,0.01024,405
herbavore_resistance_G3B,0.004096,474
herbavore_resistance_G3B,0.0016384,521
herbavore_resistance_G3B,0.16,4
herbavore_resistance_G3B,0.064,75
herbavore_resistance_G3B,0.0256,265
herbavore_resistance_G3B,0.01024,413
herbavore_resistance_G3B,0.004096,482
herbavore_resistance_G3B,0.0016384,513
herbavore_resistance_G3B,0.16,4
herbavore_resistance_G3B,0.064,68
herbavore_resistance_G3B,0.0256,235
herbavore_resistance_G3B,0.01024,389
herbavore_resistance_G3B,0.004096,472
herbavore_resistance_G3B,0.0016384,515
herbavore_resistance_G3B,0.16,7
herbavore_resistance_G3B,0.064,54
herbavore_resistance_G3B,0.0256,233
herbavore_resistance_G3B,0.01024,400
herbavore_resistance_G3B,0.004096,487
herbavore_resistance_G3B,0.0016384,536
herbavore_resistance_G3B,0.16,6
herbavore_resistance_G3B,0.064,60
herbavore_resistance_G3B,0.0256,242
herbavore_resistance_G3B,0.01024,395
herbavore_resistance_G3B,0.004096,481
herbavore_resistance_G3B,0.0016384,516
herbavore_resistance_G3B,0.16,7
herbavore_resistance_G3B,0.064,62
herbavore_resistance_G3B,0.0256,242
herbavore_resistance_G3B,0.01024,393
herbavore_resistance_G3B,0.004096,466
herbavore_resistance_G3B,0.0016384,523
herbavore_resistance_G4P,0.16,5
herbavore_resistance_G4P,0.064,64
herbavore_resistance_G4P,0.0256,239
herbavore_resistance_G4P,0.01024,388
herbavore_resistance_G4P,0.004096,490
herbavore_resistance_G4P,0.0016384,520
herbavore_resistance_G4P,0.16,4
herbavore_resistance_G4P,0.064,57
herbavore_resistance_G4P,0.0256,233
herbavore_resistance_G4P,0.01024,404
herbavore_resistance_G4P,0.004096,477
herbavore_resistance_G4P,0.0016384,528
herbavore_resistance_G4P,0.16,4
herbavore_resistance_G4P,0.064,51
herbavore_resistance_G4P,0.0256,232
herbavore_resistance_G4P,0.01024,406
herbavore_resistance_G4P,0.004096,476
herbavore_resistance_G4P,0.0016384,521
herbavore_resistance_G4P,0.16,2
herbavore_resistance_G4P,0.064,46
herbavore_resistance_G4P,0.0256,240
herbavore_resistance_G4P,0.01024,395
herbavore_resistance_G4P,0.004096,484
herbavore_resistance_G4P,0.0016384,515
herbavore_resistance_G4P,0.16,4
herbavore_resistance_G4P,0.064,46
herbavore_resistance_G4P,0.0256,249
herbavore_resistance_G4P,0.01024,405
herbavore_resistance_G4P,0.004096,483
herbavore_resistance_G4P,0.0016384,528
herbavore_resistance_G4P,0.16,3
herbavore_resistance_G4P,0.064,59
herbavore_resistance_G4P,0.0256,251
herbavore_resistance_G4P,0.01024,392
herbavore_resistance_G4P,0.004096,492
herbavore_resistance_G4P,0.0016384,520
herbavore_resistance_G4P,0.16,3
herbavore_resistance_G4P,0.064,50
herbavore_resistance_G4P,0.0256,217
herbavore_resistance_G4P,0.01024,389
herbavore_resistance_G4P,0.004096,472
herbavore_resistance_G4P,0.0016384,533
herbavore_resistance_G4P,0.16,3
herbavore_resistance_G4P,0.064,45
herbavore_resistance_G4P,0.0256,209
herbavore_resistance_G4P,0.01024,376
herbavore_resistance_G4P,0.004096,475
herbavore_resistance_G4P,0.0016384,526
herbavore_resistance_G4P,0.16,3
herbavore_resistance_G4P,0.064,57
herbavore_resistance_G4P,0.0256,250
herbavore_resistance_G4P,0.01024,389
herbavore_resistance_G4P,0.004096,476
herbavore_resistance_G4P,0.0016384,538
herbavore_resistance_G4P,0.16,5
herbavore_resistance_G4P,0.064,55
herbavore_resistance_G4P,0.0256,218
herbavore_resistance_G4P,0.01024,394
herbavore_resistance_G4P,0.004096,476
herbavore_resistance_G4P,0.0016384,520
study_16_Mo98,0.16,1
study_16_Mo98,0.064,78
study_16_Mo98,0.0256,203
study_16_Mo98,0.01024,271
study_16_Mo98,0.004096,297
study_16_Mo98,0.0016384,322
study_16_Mo98,0.16,1
study_16_Mo98,0.064,87
study_16_Mo98,0.0256,198
study_16_Mo98,0.01024,263
study_16_Mo98,0.004096,287
study_16_Mo98,0.0016384,326
study_16_Mo98,0.16,0
study_16_Mo98,0.064,66
study_16_Mo98,0.0256,195
study_16_Mo98,0.01024,267
study_16_Mo98,0.004096,296
study_16_Mo98,0.0016384,314
study_16_Mo98,0.16,1
study_16_Mo98,0.064,79
study_16_Mo98,0.0256,204
study_16_Mo98,0.01024,266
study_16_Mo98,0.004096,292
study_16_Mo98,0.0016384,319
study_16_Mo98,0.16,0
study_16_Mo98,0.064,78
study_16_Mo98,0.0256,207
study_16_Mo98,0.01024,269
study_16_Mo98,0.004096,295
study_16_Mo98,0.0016384,329
study_16_Mo98,0.16,0
study_16_Mo98,0.064,71
study_16_Mo98,0.0256,193
study_16_Mo98,0.01024,267
study_16_Mo98,0.004096,297
study_16_Mo98,0.0016384,323
study_16_Mo98,0.16,2
study_16_Mo98,0.064,81
study_16_Mo98,0.0256,203
study_16_Mo98,0.01024,268
study_16_Mo98,0.004096,292
study_16_Mo98,0.0016384,313
study_16_Mo98,0.16,1
study_16_Mo98,0.064,73
study_16_Mo98,0.0256,211
study_16_Mo98,0.01024,267
study_16_Mo98,0.004096,297
study_16_Mo98,0.0016384,325
study_16_Mo98,0.16,1
study_16_Mo98,0.064,96
study_16_Mo98,0.0256,196
study_16_Mo98,0.01024,254
study_16_Mo98,0.004096,298
study_16_Mo98,0.0016384,320
study_16_Mo98,0.16,1
study_16_Mo98,0.064,86
study_16_Mo98,0.0256,210
study_16_Mo98,0.01024,285
study_16_Mo98,0.004096,299
study_16_Mo98,0.0016384,318
study_19_GR21,0.16,10
study_19_GR21,0.064,47
study_19_GR21,0.0256,94
study_19_GR21,0.01024,119
study_19_GR21,0.004096,136
study_19_GR21,0.0016384,151
study_19_GR21,0.16,14
study_19_GR21,0.064,56
study_19_GR21,0.0256,96
study_19_GR21,0.01024,123
study_19_GR21,0.004096,135
study_19_GR21,0.0016384,151
study_19_GR21,0.16,14
study_19_GR21,0.064,52
study_19_GR21,0.0256,89
study_19_GR21,0.01024,114
study_19_GR21,0.004096,132
study_19_GR21,0.0016384,147
study_19_GR21,0.16,13
study_19_GR21,0.064,38
study_19_GR21,0.0256,85
study_19_GR21,0.01024,121
study_19_GR21,0.004096,132
study_19_GR21,0.0016384,150
study_19_GR21,0.16,16
study_19_GR21,0.064,59
study_19_GR21,0.0256,95
study_19_GR21,0.01024,127
study_19_GR21,0.004096,140
study_19_GR21,0.0016384,165
study_19_GR21,0.16,13
study_19_GR21,0.064,48
study_19_GR21,0.0256,95
study_19_GR21,0.01024,117
study_19_GR21,0.004096,131
study_19_GR21,0.0016384,150
study_19_GR21,0.16,8
study_19_GR21,0.064,54
study_19_GR21,0.0256,101
study_19_GR21,0.01024,129
study_19_GR21,0.004096,138
study_19_GR21,0.0016384,161
study_19_GR21,0.16,17
study_19_GR21,0.064,51
study_19_GR21,0.0256,100
study_19_GR21,0.01024,124
study_19_GR21,0.004096,136
study_19_GR21,0.0016384,165
study_19_GR21,0.16,13
study_19_GR21,0.064,48
study_19_GR21,0.0256,89
study_19_GR21,0.01024,114
study_19_GR21,0.004096,132
study_19_GR21,0.0016384,163
study_19_GR21,0.16,19
study_19_GR21,0.064,56
study_19_GR21,0.0256,98
study_19_GR21,0.01024,125
study_19_GR21,0.004096,134
study_19_GR21,0.0016384,158
study_1_0W,0.16,13
study_1_0W,0.064,56
study_1_0W,0.0256,81
study_1_0W,0.01024,110
study_1_0W,0.004096,120
study_1_0W,0.0016384,136
study_1_0W,0.16,17
study_1_0W,0.064,61
study_1_0W,0.0256,92
study_1_0W,0.01024,110
study_1_0W,0.004096,120
study_1_0W,0.0016384,140
study_1_0W,0.16,13
study_1_0W,0.064,55
study_1_0W,0.0256,82
study_1_0W,0.01024,102
study_1_0W,0.004096,114
study_1_0W,0.0016384,138
study_1_0W,0.16,21
study_1_0W,0.064,57
study_1_0W,0.0256,87
study_1_0W,0.01024,103
study_1_0W,0.004096,120
study_1_0W,0.0016384,139
study_1_0W,0.16,12
study_1_0W,0.064,62
study_1_0W,0.0256,98
study_1_0W,0.01024,110
study_1_0W,0.004096,123
study_1_0W,0.0016384,132
study_1_0W,0.16,17
study_1_0W,0.064,67
study_1_0W,0.0256,92
study_1_0W,0.01024,116
study_1_0W,0.004096,121
study_1_0W,0.0016384,151
study_1_0W,0.16,16
study_1_0W,0.064,53
study_1_0W,0.0256,92
study_1_0W,0.01024,106
study_1_0W,0.004096,119
study_1_0W,0.0016384,138
study_1_0W,0.16,14
study_1_0W,0.064,59
study_1_0W,0.0256,88
study_1_0W,0.01024,110
study_1_0W,0.004096,118
study_1_0W,0.0016384,140
study_1_0W,0.16,21
study_1_0W,0.064,61
study_1_0W,0.0256,92
study_1_0W,0.01024,105
study_1_0W,0.004096,116
study_1_0W,0.0016384,135
study_1_0W,0.16,17
study_1_0W,0.064,53
study_1_0W,0.0256,93
study_1_0W,0.01024,110
study_1_0W,0.004096,116
study_1_0W,0.0016384,139
study_1_8W_GH_FT,0.16,11
study_1_8W_GH_FT,0.064,70
study_1_8W_GH_FT,0.0256,101
study_1_8W_GH_FT,0.01024,121
study_1_8W_GH_FT,0.004096,140
study_1_8W_GH_FT,0.0016384,156
study_1_8W_GH_FT,0.16,10
study_1_8W_GH_FT,0.064,70
study_1_8W_GH_FT,0.0256,110
study_1_8W_GH_FT,0.01024,128
study_1_8W_GH_FT,0.004096,144
study_1_8W_GH_FT,0.0016384,169
study_1_8W_GH_FT,0.16,5
study_1_8W_GH_FT,0.064,57
study_1_8W_GH_FT,0.0256,103
study_1_8W_GH_FT,0.01024,133
study_1_8W_GH_FT,0.004096,142
study_1_8W_GH_FT,0.0016384,173
study_1_8W_GH_FT,0.16,13
study_1_8W_GH_FT,0.064,64
study_1_8W_GH_FT,0.0256,107
study_1_8W_GH_FT,0.01024,135
study_1_8W_GH_FT,0.004096,147
study_1_8W_GH_FT,0.0016384,167
study_1_8W_GH_FT,0.16,14
study_1_8W_GH_FT,0.064,72
study_1_8W_GH_FT,0.0256,113
study_1_8W_GH_FT,0.01024,130
study_1_8W_GH_FT,0.004096,141
study_1_8W_GH_FT,0.0016384,158
study_1_8W_GH_FT,0.16,13
study_1_8W_GH_FT,0.064,61
study_1_8W_GH_FT,0.0256,109
study_1_8W_GH_FT,0.01024,129
study_1_8W_GH_FT,0.004096,148
study_1_8W_GH_FT,0.0016384,168
study_1_8W_GH_FT,0.16,12
study_1_8W_GH_FT,0.064,69
study_1_8W_GH_FT,0.0256,112
study_1_8W_GH_FT,0.01024,133
study_1_8W_GH_FT,0.004096,142
study_1_8W_GH_FT,0.0016384,162
study_1_8W_GH_FT,0.16,14
study_1_8W_GH_FT,0.064,63
study_1_8W_GH_FT,0.0256,109
study_1_8W_GH_FT,0.01024,127
study_1_8W_GH_FT,0.004096,141
study_1_8W_GH_FT,0.0016384,165
study_1_8W_GH_FT,0.16,13
study_1_8W_GH_FT,0.064,60
study_1_8W_GH_FT,0.0256,108
study_1_8W_GH_FT,0.01024,132
study_1_8W_GH_FT,0.004096,144
study_1_8W_GH_FT,0.0016384,166
study_1_8W_GH_FT,0.16,9
study_1_8W_GH_FT,0.064,64
study_1_8W_GH_FT,0.0256,113
study_1_8W_GH_FT,0.01024,131
study_1_8W_GH_FT,0.004096,141
study_1_8W_GH_FT,0.0016384,169
study_1_8W_GH_LN,0.16,10
study_1_8W_GH_LN,0.064,60
study_1_8W_GH_LN,0.0256,107
study_1_8W_GH_LN,0.01024,133
study_1_8W_GH_LN,0.004096,144
study_1_8W_GH_LN,0.0016384,159
study_1_8W_GH_LN,0.16,6
study_1_8W_GH_LN,0.064,61
study_1_8W_GH_LN,0.0256,108
study_1_8W_GH_LN,0.01024,127
study_1_8W_GH_LN,0.004096,140
study_1_8W_GH_LN,0.0016384,153
study_1_8W_GH_LN,0.16,5
study_1_8W_GH_LN,0.064,40
study_1_8W_GH_LN,0.0256,103
study_1_8W_GH_LN,0.01024,127
study_1_8W_GH_LN,0.004096,135
study_1_8W_GH_LN,0.0016384,154
study_1_8W_GH_LN,0.16,7
study_1_8W_GH_LN,0.064,64
study_1_8W_GH_LN,0.0256,108
study_1_8W_GH_LN,0.01024,133
study_1_8W_GH_LN,0.004096,151
study_1_8W_GH_LN,0.0016384,167
study_1_8W_GH_LN,0.16,10
study_1_8W_GH_LN,0.064,59
study_1_8W_GH_LN,0.0256,108
study_1_8W_GH_LN,0.01024,128
study_1_8W_GH_LN,0.004096,138
study_1_8W_GH_LN,0.0016384,154
study_1_8W_GH_LN,0.16,8
study_1_8W_GH_LN,0.064,59
study_1_8W_GH_LN,0.0256,105
study_1_8W_GH_LN,0.01024,127
study_1_8W_GH_LN,0.004096,144
study_1_8W_GH_LN,0.0016384,164
study_1_8W_GH_LN,0.16,7
study_1_8W_GH_LN,0.064,64
study_1_8W_GH_LN,0.0256,108
study_1_8W_GH_LN,0.01024,128
study_1_8W_GH_LN,0.004096,142
study_1_8W_GH_LN,0.0016384,169
study_1_8W_GH_LN,0.16,9
study_1_8W_GH_LN,0.064,60
study_1_8W_GH_LN,0.0256,102
study_1_8W_GH_LN,0.01024,135
study_1_8W_GH_LN,0.004096,147
study_1_8W_GH_LN,0.0016384,160
study_1_8W_GH_LN,0.16,11
study_1_8W_GH_LN,0.064,61
study_1_8W_GH_LN,0.0256,110
study_1_8W_GH_LN,0.01024,135
study_1_8W_GH_LN,0.004096,145
study_1_8W_GH_LN,0.0016384,165
study_1_8W_GH_LN,0.16,10
study_1_8W_GH_LN,0.064,59
study_1_8W_GH_LN,0.0256,104
study_1_8W_GH_LN,0.01024,131
study_1_8W_GH_LN,0.004096,145
study_1_8W_GH_LN,0.0016384,149
study_1_FLC,0.16,13
study_1_FLC,0.064,63
study_1_FLC,0.0256,117
study_1_FLC,0.01024,136
study_1_FLC,0.004096,149
study_1_FLC,0.0016384,164
study_1_FLC,0.16,7
study_1_FLC,0.064,60
study_1_FLC,0.0256,107
study_1_FLC,0.01024,128
study_1_FLC,0.004096,137
study_1_FLC,0.0016384,174
study_1_FLC,0.16,10
study_1_FLC,0.064,77
study_1_FLC,0.0256,116
study_1_FLC,0.01024,137
study_1_FLC,0.004096,145
study_1_FLC,0.0016384,167
study_1_FLC,0.16,12
study_1_FLC,0.064,68
study_1_FLC,0.0256,106
study_1_FLC,0.01024,122
study_1_FLC,0.004096,141
study_1_FLC,0.0016384,155
study_1_FLC,0.16,14
study_1_FLC,0.064,76
study_1_FLC,0.0256,112
study_1_FLC,0.01024,130
study_1_FLC,0.004096,141
study_1_FLC,0.0016384,172
study_1_FLC,0.16,8
study_1_FLC,0.064,59
study_1_FLC,0.0256,112
study_1_FLC,0.01024,135
study_1_FLC,0.004096,146
study_1_FLC,0.0016384,161
study_1_FLC,0.16,12
study_1_FLC,0.064,80
study_1_FLC,0.0256,112
study_1_FLC,0.01024,132
study_1_FLC,0.004096,144
study_1_FLC,0.0016384,163
study_1_FLC,0.16,12
study_1_FLC,0.064,80
study_1_FLC,0.0256,112
study_1_FLC,0.01024,133
study_1_FLC,0.004096,148
study_1_FLC,0.0016384,162
study_1_FLC,0.16,9
study_1_FLC,0.064,71
study_1_FLC,0.0256,110
study_1_FLC,0.01024,133
study_1_FLC,0.004096,146
study_1_FLC,0.0016384,161
study_1_FLC,0.16,13
study_1_FLC,0.064,61
study_1_FLC,0.0256,103
study_1_FLC,0.01024,132
study_1_FLC,0.004096,147
study_1_FLC,0.0016384,157
study_1_FT22,0.16,14
study_1_FT22,0.064,52
study_1_FT22,0.0256,107
study_1_FT22,0.01024,144
study_1_FT22,0.004096,161
study_1_FT22,0.0016384,180
study_1_FT22,0.16,19
study_1_FT22,0.064,64
study_1_FT22,0.0256,113
study_1_FT22,0.01024,142
study_1_FT22,0.004096,162
study_1_FT22,0.0016384,183
study_1_FT22,0.16,14
study_1_FT22,0.064,57
study_1_FT22,0.0256,112
study_1_FT22,0.01024,151
study_1_FT22,0.004096,163
study_1_FT22,0.0016384,187
study_1_FT22,0.16,15
study_1_FT22,0.064,61
study_1_FT22,0.0256,112
study_1_FT22,0.01024,154
study_1_FT22,0.004096,171
study_1_FT22,0.0016384,183
study_1_FT22,0.16,14
study_1_FT22,0.064,61
study_1_FT22,0.0256,118
study_1_FT22,0.01024,140
study_1_FT22,0.004096,166
study_1_FT22,0.0016384,178
study_1_FT22,0.16,18
study_1_FT22,0.064,70
study_1_FT22,0.0256,108
study_1_FT22,0.01024,145
study_1_FT22,0.004096,161
study_1_FT22,0.0016384,186
study_1_FT22,0.16,17
study_1_FT22,0.064,71
study_1_FT22,0.0256,118
study_1_FT22,0.01024,142
study_1_FT22,0.004096,159
study_1_FT22,0.0016384,185
study_1_FT22,0.16,14
study_1_FT22,0.064,60
study_1_FT22,0.0256,112
study_1_FT22,0.01024,141
study_1_FT22,0.004096,159
study_1_FT22,0.0016384,177
study_1_FT22,0.16,15
study_1_FT22,0.064,71
study_1_FT22,0.0256,117
study_1_FT22,0.01024,147
study_1_FT22,0.004096,162
study_1_FT22,0.0016384,190
study_1_FT22,0.16,20
study_1_FT22,0.064,63
study_1_FT22,0.0256,109
study_1_FT22,0.01024,141
study_1_FT22,0.004096,162
study_1_FT22,0.0016384,185
study_1_FT_Field,0.16,18
study_1_FT_Field,0.064,63
study_1_FT_Field,0.0256,120
study_1_FT_Field,0.01024,145
study_1_FT_Field,0.004096,164
study_1_FT_Field,0.0016384,198
study_1_FT_Field,0.16,17
study_1_FT_Field,0.064,72
study_1_FT_Field,0.0256,112
study_1_FT_Field,0.01024,139
study_1_FT_Field,0.004096,154
study_1_FT_Field,0.0016384,200
study_1_FT_Field,0.16,6
study_1_FT_Field,0.064,60
study_1_FT_Field,0.0256,115
study_1_FT_Field,0.01024,133
study_1_FT_Field,0.004096,150
study_1_FT_Field,0.0016384,166
study_1_FT_Field,0.16,15
study_1_FT_Field,0.064,71
study_1_FT_Field,0.0256,124
study_1_FT_Field,0.01024,142
study_1_FT_Field,0.004096,158
study_1_FT_Field,0.0016384,187
study_1_FT_Field,0.16,19
study_1_FT_Field,0.064,69
study_1_FT_Field,0.0256,120
study_1_FT_Field,0.01024,142
study_1_FT_Field,0.004096,161
study_1_FT_Field,0.0016384,196
study_1_FT_Field,0.16,17
study_1_FT_Field,0.064,71
study_1_FT_Field,0.0256,117
study_1_FT_Field,0.01024,139
study_1_FT_Field,0.004096,163
study_1_FT_Field,0.0016384,213
study_1_FT_Field,0.16,17
study_1_FT_Field,0.064,64
study_1_FT_Field,0.0256,110
study_1_FT_Field,0.01024,140
study_1_FT_Field,0.004096,158
study_1_FT_Field,0.0016384,187
study_1_FT_Field,0.16,17
study_1_FT_Field,0.064,67
study_1_FT_Field,0.0256,121
study_1_FT_Field,0.01024,143
study_1_FT_Field,0.004096,160
study_1_FT_Field,0.0016384,194
study_1_FT_Field,0.16,21
study_1_FT_Field,0.064,73
study_1_FT_Field,0.0256,118
study_1_FT_Field,0.01024,143
study_1_FT_Field,0.004096,157
study_1_FT_Field,0.0016384,188
study_1_FT_Field,0.16,13
study_1_FT_Field,0.064,70
study_1_FT_Field,0.0256,127
study_1_FT_Field,0.01024,139
study_1_FT_Field,0.004096,161
study_1_FT_Field,0.0016384,190
study_1_LN10,0.16,9
study_1_LN10,0.064,54
study_1_LN10,0.0256,117
study_1_LN10,0.01024,131
study_1_LN10,0.004096,152
study_1_LN10,0.0016384,168
study_1_LN10,0.16,15
study_1_LN10,0.064,59
study_1_LN10,0.0256,112
study_1_LN10,0.01024,140
study_1_LN10,0.004096,149
study_1_LN10,0.0016384,172
study_1_LN10,0.16,12
study_1_LN10,0.064,66
study_1_LN10,0.0256,114
study_1_LN10,0.01024,137
study_1_LN10,0.004096,149
study_1_LN10,0.0016384,163
study_1_LN10,0.16,10
study_1_LN10,0.064,76
study_1_LN10,0.0256,121
study_1_LN10,0.01024,136
study_1_LN10,0.004096,151
study_1_LN10,0.0016384,168
study_1_LN10,0.16,12
study_1_LN10,0.064,71
study_1_LN10,0.0256,111
study_1_LN10,0.01024,136
study_1_LN10,0.004096,154
study_1_LN10,0.0016384,179
study_1_LN10,0.16,13
study_1_LN10,0.064,69
study_1_LN10,0.0256,114
study_1_LN10,0.01024,140
study_1_LN10,0.004096,150
study_1_LN10,0.0016384,170
study_1_LN10,0.16,12
study_1_LN10,0.064,74
study_1_LN10,0.0256,116
study_1_LN10,0.01024,132
study_1_LN10,0.004096,156
study_1_LN10,0.0016384,175
study_1_LN10,0.16,12
study_1_LN10,0.064,66
study_1_LN10,0.0256,113
study_1_LN10,0.01024,133
study_1_LN10,0.004096,148
study_1_LN10,0.0016384,173
study_1_LN10,0.16,13
study_1_LN10,0.064,62
study_1_LN10,0.0256,115
study_1_LN10,0.01024,140
study_1_LN10,0.004096,155
study_1_LN10,0.0016384,179
study_1_LN10,0.16,12
study_1_LN10,0.064,69
study_1_LN10,0.0256,108
study_1_LN10,0.01024,130
study_1_LN10,0.004096,153
study_1_LN10,0.0016384,178
study_1_LN16,0.16,16
study_1_LN16,0.064,67
study_1_LN16,0.0256,108
study_1_LN16,0.01024,137
study_1_LN16,0.004096,153
study_1_LN16,0.0016384,179
study_1_LN16,0.16,10
study_1_LN16,0.064,62
study_1_LN16,0.0256,112
study_1_LN16,0.01024,129
study_1_LN16,0.004096,145
study_1_LN16,0.0016384,169
study_1_LN16,0.16,15
study_1_LN16,0.064,64
study_1_LN16,0.0256,109
study_1_LN16,0.01024,133
study_1_LN16,0.004096,155
study_1_LN16,0.0016384,175
study_1_LN16,0.16,16
study_1_LN16,0.064,67
study_1_LN16,0.0256,112
study_1_LN16,0.01024,135
study_1_LN16,0.004096,147
study_1_LN16,0.0016384,181
study_1_LN16,0.16,21
study_1_LN16,0.064,72
study_1_LN16,0.0256,110
study_1_LN16,0.01024,141
study_1_LN16,0.004096,152
study_1_LN16,0.0016384,189
study_1_LN16,0.16,18
study_1_LN16,0.064,66
study_1_LN16,0.0256,103
study_1_LN16,0.01024,131
study_1_LN16,0.004096,149
study_1_LN16,0.0016384,176
study_1_LN16,0.16,18
study_1_LN16,0.064,66
study_1_LN16,0.0256,122
study_1_LN16,0.01024,140
study_1_LN16,0.004096,152
study_1_LN16,0.0016384,182
study_1_LN16,0.16,14
study_1_LN16,0.064,75
study_1_LN16,0.0256,115
study_1_LN16,0.01024,139
study_1_LN16,0.004096,155
study_1_LN16,0.0016384,196
study_1_LN16,0.16,16
study_1_LN16,0.064,62
study_1_LN16,0.0256,112
study_1_LN16,0.01024,140
study_1_LN16,0.004096,150
study_1_LN16,0.0016384,180
study_1_LN16,0.16,15
study_1_LN16,0.064,70
study_1_LN16,0.0256,109
study_1_LN16,0.01024,137
study_1_LN16,0.004096,154
study_1_LN16,0.0016384,190
study_1_SDV,0.16,13
study_1_SDV,0.064,52
study_1_SDV,0.0256,107
study_1_SDV,0.01024,123
study_1_SDV,0.004096,142
study_1_SDV,0.0016384,155
study_1_SDV,0.16,13
study_1_SDV,0.064,67
study_1_SDV,0.0256,100
study_1_SDV,0.01024,121
study_1_SDV,0.004096,138
study_1_SDV,0.0016384,157
study_1_SDV,0.16,16
study_1_SDV,0.064,62
study_1_SDV,0.0256,97
study_1_SDV,0.01024,118
study_1_SDV,0.004096,140
study_1_SDV,0.0016384,160
study_1_SDV,0.16,8
study_1_SDV,0.064,62
study_1_SDV,0.0256,105
study_1_SDV,0.01024,127
study_1_SDV,0.004096,141
study_1_SDV,0.0016384,156
study_1_SDV,0.16,10
study_1_SDV,0.064,52
study_1_SDV,0.0256,102
study_1_SDV,0.01024,124
study_1_SDV,0.004096,135
study_1_SDV,0.0016384,154
study_1_SDV,0.16,10
study_1_SDV,0.064,64
study_1_SDV,0.0256,107
study_1_SDV,0.01024,126
study_1_SDV,0.004096,135
study_1_SDV,0.0016384,152
study_1_SDV,0.16,18
study_1_SDV,0.064,68
study_1_SDV,0.0256,108
study_1_SDV,0.01024,123
study_1_SDV,0.004096,127
study_1_SDV,0.0016384,152
study_1_SDV,0.16,10
study_1_SDV,0.064,56
study_1_SDV,0.0256,88
study_1_SDV,0.01024,118
study_1_SDV,0.004096,141
study_1_SDV,0.0016384,162
study_1_SDV,0.16,16
study_1_SDV,0.064,64
study_1_SDV,0.0256,108
study_1_SDV,0.01024,127
study_1_SDV,0.004096,139
study_1_SDV,0.0016384,160
study_1_SDV,0.16,16
study_1_SDV,0.064,66
study_1_SDV,0.0256,105
study_1_SDV,0.01024,127
study_1_SDV,0.004096,142
study_1_SDV,0.0016384,154
study_1_Storage_28_days,0.16,21
study_1_Storage_28_days,0.064,53
study_1_Storage_28_days,0.0256,78
study_1_Storage_28_days,0.01024,89
study_1_Storage_28_days,0.004096,95
study_1_Storage_28_days,0.0016384,109
study_1_Storage_28_days,0.16,26
study_1_Storage_28_days,0.064,50
study_1_Storage_28_days,0.0256,70
study_1_Storage_28_days,0.01024,91
study_1_Storage_28_days,0.004096,97
study_1_Storage_28_days,0.0016384,114
study_1_Storage_28_days,0.16,26
study_1_Storage_28_days,0.064,55
study_1_Storage_28_days,0.0256,74
study_1_Storage_28_days,0.01024,83
study_1_Storage_28_days,0.004096,98
study_1_Storage_28_days,0.0016384,120
study_1_Storage_28_days,0.16,20
study_1_Storage_28_days,0.064,51
study_1_Storage_28_days,0.0256,76
study_1_Storage_28_days,0.01024,89
study_1_Storage_28_days,0.004096,95
study_1_Storage_28_days,0.0016384,119
study_1_Storage_28_days,0.16,17
study_1_Storage_28_days,0.064,43
study_1_Storage_28_days,0.0256,68
study_1_Storage_28_days,0.01024,89
study_1_Storage_28_days,0.004096,97
study_1_Storage_28_days,0.0016384,111
study_1_Storage_28_days,0.16,21
study_1_Storage_28_days,0.064,51
study_1_Storage_28_days,0.0256,77
study_1_Storage_28_days,0.01024,89
study_1_Storage_28_days,0.004096,94
study_1_Storage_28_days,0.0016384,108
study_1_Storage_28_days,0.16,14
study_1_Storage_28_days,0.064,47
study_1_Storage_28_days,0.0256,77
study_1_Storage_28_days,0.01024,92
study_1_Storage_28_days,0.004096,97
study_1_Storage_28_days,0.0016384,112
study_1_Storage_28_days,0.16,16
study_1_Storage_28_days,0.064,54
study_1_Storage_28_days,0.0256,76
study_1_Storage_28_days,0.01024,88
study_1_Storage_28_days,0.004096,92
study_1_Storage_28_days,0.0016384,113
study_1_Storage_28_days,0.16,13
study_1_Storage_28_days,0.064,53
study_1_Storage_28_days,0.0256,76
study_1_Storage_28_days,0.01024,89
study_1_Storage_28_days,0.004096,95
study_1_Storage_28_days,0.0016384,115
study_1_Storage_28_days,0.16,22
study_1_Storage_28_days,0.064,51
study_1_Storage_28_days,0.0256,76
study_1_Storage_28_days,0.01024,84
study_1_Storage_28_days,0.004096,96
study_1_Storage_28_days,0.0016384,127
study_1_Storage_56_days,0.16,20
study_1_Storage_56_days,0.064,52
study_1_Storage_56_days,0.0256,73
study_1_Storage_56_days,0.01024,82
study_1_Storage_56_days,0.004096,96
study_1_Storage_56_days,0.0016384,108
study_1_Storage_56_days,0.16,19
study_1_Storage_56_days,0.064,50
study_1_Storage_56_days,0.0256,78
study_1_Storage_56_days,0.01024,87
study_1_Storage_56_days,0.004096,98
study_1_Storage_56_days,0.0016384,120
study_1_Storage_56_days,0.16,20
study_1_Storage_56_days,0.064,56
study_1_Storage_56_days,0.0256,76
study_1_Storage_56_days,0.01024,84
study_1_Storage_56_days,0.004096,98
study_1_Storage_56_days,0.0016384,117
study_1_Storage_56_days,0.16,14
study_1_Storage_56_days,0.064,48
study_1_Storage_56_days,0.0256,79
study_1_Storage_56_days,0.01024,92
study_1_Storage_56_days,0.004096,98
study_1_Storage_56_days,0.0016384,120
study_1_Storage_56_days,0.16,17
study_1_Storage_56_days,0.064,49
study_1_Storage_56_days,0.0256,81
study_1_Storage_56_days,0.01024,87
study_1_Storage_56_days,0.004096,100
study_1_Storage_56_days,0.0016384,113
study_1_Storage_56_days,0.16,18
study_1_Storage_56_days,0.064,53
study_1_Storage_56_days,0.0256,84
study_1_Storage_56_days,0.01024,88
study_1_Storage_56_days,0.004096,97
study_1_Storage_56_days,0.0016384,115
study_1_Storage_56_days,0.16,17
study_1_Storage_56_days,0.064,51
study_1_Storage_56_days,0.0256,66
study_1_Storage_56_days,0.01024,81
study_1_Storage_56_days,0.004096,96
study_1_Storage_56_days,0.0016384,103
study_1_Storage_56_days,0.16,20
study_1_Storage_56_days,0.064,56
study_1_Storage_56_days,0.0256,72
study_1_Storage_56_days,0.01024,90
study_1_Storage_56_days,0.004096,95
study_1_Storage_56_days,0.0016384,109
study_1_Storage_56_days,0.16,13
study_1_Storage_56_days,0.064,50
study_1_Storage_56_days,0.0256,72
study_1_Storage_56_days,0.01024,84
study_1_Storage_56_days,0.004096,93
study_1_Storage_56_days,0.0016384,108
study_1_Storage_56_days,0.16,19
study_1_Storage_56_days,0.064,53
study_1_Storage_56_days,0.0256,78
study_1_Storage_56_days,0.01024,88
study_1_Storage_56_days,0.004096,104
study_1_Storage_56_days,0.0016384,119
study_1_Width_10,0.16,6
study_1_Width_10,0.064,66
study_1_Width_10,0.0256,128
study_1_Width_10,0.01024,144
study_1_Width_10,0.004096,152
study_1_Width_10,0.0016384,175
study_1_Width_10,0.16,9
study_1_Width_10,0.064,73
study_1_Width_10,0.0256,122
study_1_Width_10,0.01024,145
study_1_Width_10,0.004096,151
study_1_Width_10,0.0016384,186
study_1_Width_10,0.16,14
study_1_Width_10,0.064,72
study_1_Width_10,0.0256,122
study_1_Width_10,0.01024,149
study_1_Width_10,0.004096,159
study_1_Width_10,0.0016384,178
study_1_Width_10,0.16,7
study_1_Width_10,0.064,77
study_1_Width_10,0.0256,123
study_1_Width_10,0.01024,135
study_1_Width_10,0.004096,155
study_1_Width_10,0.0016384,176
study_1_Width_10,0.16,9
study_1_Width_10,0.064,81
study_1_Width_10,0.0256,114
study_1_Width_10,0.01024,140
study_1_Width_10,0.004096,152
study_1_Width_10,0.0016384,169
study_1_Width_10,0.16,8
study_1_Width_10,0.064,64
study_1_Width_10,0.0256,117
study_1_Width_10,0.01024,144
study_1_Width_10,0.004096,159
study_1_Width_10,0.0016384,191
study_1_Width_10,0.16,7
study_1_Width_10,0.064,74
study_1_Width_10,0.0256,126
study_1_Width_10,0.01024,143
study_1_Width_10,0.004096,153
study_1_Width_10,0.0016384,177
study_1_Width_10,0.16,6
study_1_Width_10,0.064,69
study_1_Width_10,0.0256,122
study_1_Width_10,0.01024,141
study_1_Width_10,0.004096,161
study_1_Width_10,0.0016384,183
study_1_Width_10,0.16,2
study_1_Width_10,0.064,60
study_1_Width_10,0.0256,110
study_1_Width_10,0.01024,140
study_1_Width_10,0.004096,147
study_1_Width_10,0.0016384,159
study_1_Width_10,0.16,7
study_1_Width_10,0.064,80
study_1_Width_10,0.0256,113
study_1_Width_10,0.01024,145
study_1_Width_10,0.004096,152
study_1_Width_10,0.0016384,176
study_27_MeanTRL_C,0.16,7
study_27_MeanTRL_C,0.064,72
study_27_MeanTRL_C,0.0256,129
study_27_MeanTRL_C,0.01024,154
study_27_MeanTRL_C,0.004096,166
study_27_MeanTRL_C,0.0016384,188
study_27_MeanTRL_C,0.16,8
study_27_MeanTRL_C,0.064,75
study_27_MeanTRL_C,0.0256,129
study_27_MeanTRL_C,0.01024,150
study_27_MeanTRL_C,0.004096,167
study_27_MeanTRL_C,0.0016384,188
study_27_MeanTRL_C,0.16,9
study_27_MeanTRL_C,0.064,68
study_27_MeanTRL_C,0.0256,121
study_27_MeanTRL_C,0.01024,156
study_27_MeanTRL_C,0.004096,169
study_27_MeanTRL_C,0.0016384,179
study_27_MeanTRL_C,0.16,19
study_27_MeanTRL_C,0.064,70
study_27_MeanTRL_C,0.0256,125
study_27_MeanTRL_C,0.01024,151
study_27_MeanTRL_C,0.004096,166
study_27_MeanTRL_C,0.0016384,195
study_27_MeanTRL_C,0.16,9
study_27_MeanTRL_C,0.064,83
study_27_MeanTRL_C,0.0256,127
study_27_MeanTRL_C,0.01024,152
study_27_MeanTRL_C,0.004096,169
study_27_MeanTRL_C,0.0016384,179
study_27_MeanTRL_C,0.16,11
study_27_MeanTRL_C,0.064,67
study_27_MeanTRL_C,0.0256,121
study_27_MeanTRL_C,0.01024,153
study_27_MeanTRL_C,0.004096,164
study_27_MeanTRL_C,0.0016384,181
study_27_MeanTRL_C,0.16,9
study_27_MeanTRL_C,0.064,73
study_27_MeanTRL_C,0.0256,134
study_27_MeanTRL_C,0.01024,151
study_27_MeanTRL_C,0.004096,165
study_27_MeanTRL_C,0.0016384,190
study_27_MeanTRL_C,0.16,15
study_27_MeanTRL_C,0.064,68
study_27_MeanTRL_C,0.0256,121
study_27_MeanTRL_C,0.01024,150
study_27_MeanTRL_C,0.004096,165
study_27_MeanTRL_C,0.0016384,175
study_27_MeanTRL_C,0.16,13
study_27_MeanTRL_C,0.064,68
study_27_MeanTRL_C,0.0256,129
study_27_MeanTRL_C,0.01024,150
study_27_MeanTRL_C,0.004096,160
study_27_MeanTRL_C,0.0016384,170
study_27_MeanTRL_C,0.16,16
study_27_MeanTRL_C,0.064,82
study_27_MeanTRL_C,0.0256,126
study_27_MeanTRL_C,0.01024,152
study_27_MeanTRL_C,0.004096,166
study_27_MeanTRL_C,0.0016384,184
study_2_DTFmainEffect2009,0.16,4
study_2_DTFmainEffect2009,0.064,73
study_2_DTFmainEffect2009,0.0256,217
study_2_DTFmainEffect2009,0.01024,326
study_2_DTFmainEffect2009,0.004096,372
study_2_DTFmainEffect2009,0.0016384,413
study_2_DTFmainEffect2009,0.16,4
study_2_DTFmainEffect2009,0.064,62
study_2_DTFmainEffect2009,0.0256,216
study_2_DTFmainEffect2009,0.01024,327
study_2_DTFmainEffect2009,0.004096,381
study_2_DTFmainEffect2009,0.0016384,411
study_2_DTFmainEffect2009,0.16,5
study_2_DTFmainEffect2009,0.064,64
study_2_DTFmainEffect2009,0.0256,210
study_2_DTFmainEffect2009,0.01024,323
study_2_DTFmainEffect2009,0.004096,383
study_2_DTFmainEffect2009,0.0016384,414
study_2_DTFmainEffect2009,0.16,3
study_2_DTFmainEffect2009,0.064,73
study_2_DTFmainEffect2009,0.0256,204
study_2_DTFmainEffect2009,0.01024,319
study_2_DTFmainEffect2009,0.004096,383
study_2_DTFmainEffect2009,0.0016384,419
study_2_DTFmainEffect2009,0.16,4
study_2_DTFmainEffect2009,0.064,73
study_2_DTFmainEffect2009,0.0256,214
study_2_DTFmainEffect2009,0.01024,309
study_2_DTFmainEffect2009,0.004096,366
study_2_DTFmainEffect2009,0.0016384,419
study_2_DTFmainEffect2009,0.16,3
study_2_DTFmainEffect2009,0.064,72
study_2_DTFmainEffect2009,0.0256,218
study_2_DTFmainEffect2009,0.01024,313
study_2_DTFmainEffect2009,0.004096,377
study_2_DTFmainEffect2009,0.0016384,417
study_2_DTFmainEffect2009,0.16,4
study_2_DTFmainEffect2009,0.064,62
study_2_DTFmainEffect2009,0.0256,217
study_2_DTFmainEffect2009,0.01024,320
study_2_DTFmainEffect2009,0.004096,371
study_2_DTFmainEffect2009,0.0016384,420
study_2_DTFmainEffect2009,0.16,5
study_2_DTFmainEffect2009,0.064,71
study_2_DTFmainEffect2009,0.0256,206
study_2_DTFmainEffect2009,0.01024,324
study_2_DTFmainEffect2009,0.004096,398
study_2_DTFmainEffect2009,0.0016384,418
study_2_DTFmainEffect2009,0.16,4
study_2_DTFmainEffect2009,0.064,73
study_2_DTFmainEffect2009,0.0256,201
study_2_DTFmainEffect2009,0.01024,309
study_2_DTFmainEffect2009,0.004096,386
study_2_DTFmainEffect2009,0.0016384,417
study_2_DTFmainEffect2009,0.16,3
study_2_DTFmainEffect2009,0.064,57
study_2_DTFmainEffect2009,0.0256,217
study_2_DTFmainEffect2009,0.01024,334
study_2_DTFmainEffect2009,0.004096,380
study_2_DTFmainEffect2009,0.0016384,418
study_2_YieldMainEffect2009,0.16,0
study_2_YieldMainEffect2009,0.064,93
study_2_YieldMainEffect2009,0.0256,235
study_2_YieldMainEffect2009,0.01024,328
study_2_YieldMainEffect2009,0.004096,380
study_2_YieldMainEffect2009,0.0016384,413
study_2_YieldMainEffect2009,0.16,0
study_2_YieldMainEffect2009,0.064,76
study_2_YieldMainEffect2009,0.0256,237
study_2_YieldMainEffect2009,0.01024,341
study_2_YieldMainEffect2009,0.004096,393
study_2_YieldMainEffect2009,0.0016384,410
study_2_YieldMainEffect2009,0.16,1
study_2_YieldMainEffect2009,0.064,93
study_2_YieldMainEffect2009,0.0256,226
study_2_YieldMainEffect2009,0.01024,327
study_2_YieldMainEffect2009,0.004096,383
study_2_YieldMainEffect2009,0.0016384,408
study_2_YieldMainEffect2009,0.16,1
study_2_YieldMainEffect2009,0.064,84
study_2_YieldMainEffect2009,0.0256,247
study_2_YieldMainEffect2009,0.01024,347
study_2_YieldMainEffect2009,0.004096,388
study_2_YieldMainEffect2009,0.0016384,417
study_2_YieldMainEffect2009,0.16,0
study_2_YieldMainEffect2009,0.064,90
study_2_YieldMainEffect2009,0.0256,241
study_2_YieldMainEffect2009,0.01024,330
study_2_YieldMainEffect2009,0.004096,386
study_2_YieldMainEffect2009,0.0016384,411
study_2_YieldMainEffect2009,0.16,0
study_2_YieldMainEffect2009,0.064,76
study_2_YieldMainEffect2009,0.0256,236
study_2_YieldMainEffect2009,0.01024,319
study_2_YieldMainEffect2009,0.004096,387
study_2_YieldMainEffect2009,0.0016384,411
study_2_YieldMainEffect2009,0.16,1
study_2_YieldMainEffect2009,0.064,84
study_2_YieldMainEffect2009,0.0256,239
study_2_YieldMainEffect2009,0.01024,346
study_2_YieldMainEffect2009,0.004096,391
study_2_YieldMainEffect2009,0.0016384,420
study_2_YieldMainEffect2009,0.16,0
study_2_YieldMainEffect2009,0.064,84
study_2_YieldMainEffect2009,0.0256,237
study_2_YieldMainEffect2009,0.01024,338
study_2_YieldMainEffect2009,0.004096,384
study_2_YieldMainEffect2009,0.0016384,408
study_2_YieldMainEffect2009,0.16,0
study_2_YieldMainEffect2009,0.064,83
study_2_YieldMainEffect2009,0.0256,239
study_2_YieldMainEffect2009,0.01024,351
study_2_YieldMainEffect2009,0.004096,392
study_2_YieldMainEffect2009,0.0016384,416
study_2_YieldMainEffect2009,0.16,0
study_2_YieldMainEffect2009,0.064,90
study_2_YieldMainEffect2009,0.0256,226
study_2_YieldMainEffect2009,0.01024,331
study_2_YieldMainEffect2009,0.004096,379
study_2_YieldMainEffect2009,0.0016384,410
study_30_MeanTRL_CK,0.16,10
study_30_MeanTRL_CK,0.064,75
study_30_MeanTRL_CK,0.0256,122
study_30_MeanTRL_CK,0.01024,153
study_30_MeanTRL_CK,0.004096,160
study_30_MeanTRL_CK,0.0016384,181
study_30_MeanTRL_CK,0.16,8
study_30_MeanTRL_CK,0.064,66
study_30_MeanTRL_CK,0.0256,122
study_30_MeanTRL_CK,0.01024,155
study_30_MeanTRL_CK,0.004096,160
study_30_MeanTRL_CK,0.0016384,175
study_30_MeanTRL_CK,0.16,11
study_30_MeanTRL_CK,0.064,67
study_30_MeanTRL_CK,0.0256,122
study_30_MeanTRL_CK,0.01024,155
study_30_MeanTRL_CK,0.004096,165
study_30_MeanTRL_CK,0.0016384,176
study_30_MeanTRL_CK,0.16,9
study_30_MeanTRL_CK,0.064,77
study_30_MeanTRL_CK,0.0256,130
study_30_MeanTRL_CK,0.01024,157
study_30_MeanTRL_CK,0.004096,170
study_30_MeanTRL_CK,0.0016384,181
study_30_MeanTRL_CK,0.16,5
study_30_MeanTRL_CK,0.064,74
study_30_MeanTRL_CK,0.0256,132
study_30_MeanTRL_CK,0.01024,154
study_30_MeanTRL_CK,0.004096,162
study_30_MeanTRL_CK,0.0016384,174
study_30_MeanTRL_CK,0.16,9
study_30_MeanTRL_CK,0.064,75
study_30_MeanTRL_CK,0.0256,127
study_30_MeanTRL_CK,0.01024,152
study_30_MeanTRL_CK,0.004096,165
study_30_MeanTRL_CK,0.0016384,184
study_30_MeanTRL_CK,0.16,9
study_30_MeanTRL_CK,0.064,64
study_30_MeanTRL_CK,0.0256,116
study_30_MeanTRL_CK,0.01024,152
study_30_MeanTRL_CK,0.004096,162
study_30_MeanTRL_CK,0.0016384,179
study_30_MeanTRL_CK,0.16,12
study_30_MeanTRL_CK,0.064,74
study_30_MeanTRL_CK,0.0256,129
study_30_MeanTRL_CK,0.01024,158
study_30_MeanTRL_CK,0.004096,168
study_30_MeanTRL_CK,0.0016384,174
study_30_MeanTRL_CK,0.16,13
study_30_MeanTRL_CK,0.064,73
study_30_MeanTRL_CK,0.0256,119
study_30_MeanTRL_CK,0.01024,148
study_30_MeanTRL_CK,0.004096,169
study_30_MeanTRL_CK,0.0016384,180
study_30_MeanTRL_CK,0.16,10
study_30_MeanTRL_CK,0.064,70
study_30_MeanTRL_CK,0.0256,122
study_30_MeanTRL_CK,0.01024,152
study_30_MeanTRL_CK,0.004096,166
study_30_MeanTRL_CK,0.0016384,183
study_31_FruitNumber,0.16,4
study_31_FruitNumber,0.064,78
study_31_FruitNumber,0.0256,218
study_31_FruitNumber,0.01024,293
study_31_FruitNumber,0.004096,339
study_31_FruitNumber,0.0016384,376
study_31_FruitNumber,0.16,5
study_31_FruitNumber,0.064,77
study_31_FruitNumber,0.0256,204
study_31_FruitNumber,0.01024,294
study_31_FruitNumber,0.004096,342
study_31_FruitNumber,0.0016384,373
study_31_FruitNumber,0.16,7
study_31_FruitNumber,0.064,84
study_31_FruitNumber,0.0256,218
study_31_FruitNumber,0.01024,295
study_31_FruitNumber,0.004096,347
study_31_FruitNumber,0.0016384,377
study_31_FruitNumber,0.16,7
study_31_FruitNumber,0.064,74
study_31_FruitNumber,0.0256,219
study_31_FruitNumber,0.01024,299
study_31_FruitNumber,0.004096,340
study_31_FruitNumber,0.0016384,365
study_31_FruitNumber,0.16,9
study_31_FruitNumber,0.064,76
study_31_FruitNumber,0.0256,216
study_31_FruitNumber,0.01024,294
study_31_FruitNumber,0.004096,345
study_31_FruitNumber,0.0016384,367
study_31_FruitNumber,0.16,8
study_31_FruitNumber,0.064,73
study_31_FruitNumber,0.0256,205
study_31_FruitNumber,0.01024,296
study_31_FruitNumber,0.004096,336
study_31_FruitNumber,0.0016384,361
study_31_FruitNumber,0.16,8
study_31_FruitNumber,0.064,64
study_31_FruitNumber,0.0256,203
study_31_FruitNumber,0.01024,299
study_31_FruitNumber,0.004096,329
study_31_FruitNumber,0.0016384,362
study_31_FruitNumber,0.16,4
study_31_FruitNumber,0.064,88
study_31_FruitNumber,0.0256,212
study_31_FruitNumber,0.01024,297
study_31_FruitNumber,0.004096,337
study_31_FruitNumber,0.0016384,370
study_31_FruitNumber,0.16,8
study_31_FruitNumber,0.064,76
study_31_FruitNumber,0.0256,219
study_31_FruitNumber,0.01024,292
study_31_FruitNumber,0.004096,342
study_31_FruitNumber,0.0016384,358
study_31_FruitNumber,0.16,4
study_31_FruitNumber,0.064,74
study_31_FruitNumber,0.0256,218
study_31_FruitNumber,0.01024,299
study_31_FruitNumber,0.004096,341
study_31_FruitNumber,0.0016384,371
study_31_GrowthRate,0.16,2
study_31_GrowthRate,0.064,76
study_31_GrowthRate,0.0256,213
study_31_GrowthRate,0.01024,305
study_31_GrowthRate,0.004096,348
study_31_GrowthRate,0.0016384,367
study_31_GrowthRate,0.16,5
study_31_GrowthRate,0.064,74
study_31_GrowthRate,0.0256,205
study_31_GrowthRate,0.01024,301
study_31_GrowthRate,0.004096,341
study_31_GrowthRate,0.0016384,370
study_31_GrowthRate,0.16,3
study_31_GrowthRate,0.064,66
study_31_GrowthRate,0.0256,209
study_31_GrowthRate,0.01024,309
study_31_GrowthRate,0.004096,352
study_31_GrowthRate,0.0016384,381
study_31_GrowthRate,0.16,5
study_31_GrowthRate,0.064,88
study_31_GrowthRate,0.0256,213
study_31_GrowthRate,0.01024,300
study_31_GrowthRate,0.004096,340
study_31_GrowthRate,0.0016384,371
study_31_GrowthRate,0.16,7
study_31_GrowthRate,0.064,67
study_31_GrowthRate,0.0256,213
study_31_GrowthRate,0.01024,305
study_31_GrowthRate,0.004096,346
study_31_GrowthRate,0.0016384,378
study_31_GrowthRate,0.16,4
study_31_GrowthRate,0.064,65
study_31_GrowthRate,0.0256,215
study_31_GrowthRate,0.01024,297
study_31_GrowthRate,0.004096,348
study_31_GrowthRate,0.0016384,372
study_31_GrowthRate,0.16,4
study_31_GrowthRate,0.064,78
study_31_GrowthRate,0.0256,205
study_31_GrowthRate,0.01024,294
study_31_GrowthRate,0.004096,357
study_31_GrowthRate,0.0016384,382
study_31_GrowthRate,0.16,8
study_31_GrowthRate,0.064,68
study_31_GrowthRate,0.0256,207
study_31_GrowthRate,0.01024,304
study_31_GrowthRate,0.004096,334
study_31_GrowthRate,0.0016384,379
study_31_GrowthRate,0.16,4
study_31_GrowthRate,0.064,72
study_31_GrowthRate,0.0256,206
study_31_GrowthRate,0.01024,289
study_31_GrowthRate,0.004096,346
study_31_GrowthRate,0.0016384,370
study_31_GrowthRate,0.16,4
study_31_GrowthRate,0.064,75
study_31_GrowthRate,0.0256,197
study_31_GrowthRate,0.01024,298
study_31_GrowthRate,0.004096,363
study_31_GrowthRate,0.0016384,382
study_44_root_length_day003,0.16,5
study_44_root_length_day003,0.064,85
study_44_root_length_day003,0.0256,145
study_44_root_length_day003,0.01024,177
study_44_root_length_day003,0.004096,193
study_44_root_length_day003,0.0016384,212
study_44_root_length_day003,0.16,7
study_44_root_length_day003,0.064,79
study_44_root_length_day003,0.0256,157
study_44_root_length_day003,0.01024,184
study_44_root_length_day003,0.004096,199
study_44_root_length_day003,0.0016384,220
study_44_root_length_day003,0.16,6
study_44_root_length_day003,0.064,92
study_44_root_length_day003,0.0256,160
study_44_root_length_day003,0.01024,179
study_44_root_length_day003,0.004096,202
study_44_root_length_day003,0.0016384,223
study_44_root_length_day003,0.16,9
study_44_root_length_day003,0.064,95
study_44_root_length_day003,0.0256,140
study_44_root_length_day003,0.01024,186
study_44_root_length_day003,0.004096,198
study_44_root_length_day003,0.0016384,212
study_44_root_length_day003,0.16,9
study_44_root_length_day003,0.064,76
study_44_root_length_day003,0.0256,145
study_44_root_length_day003,0.01024,176
study_44_root_length_day003,0.004096,198
study_44_root_length_day003,0.0016384,217
study_44_root_length_day003,0.16,14
study_44_root_length_day003,0.064,95
study_44_root_length_day003,0.0256,140
study_44_root_length_day003,0.01024,185
study_44_root_length_day003,0.004096,202
study_44_root_length_day003,0.0016384,221
study_44_root_length_day003,0.16,9
study_44_root_length_day003,0.064,79
study_44_root_length_day003,0.0256,139
study_44_root_length_day003,0.01024,175
study_44_root_length_day003,0.004096,193
study_44_root_length_day003,0.0016384,205
study_44_root_length_day003,0.16,5
study_44_root_length_day003,0.064,82
study_44_root_length_day003,0.0256,144
study_44_root_length_day003,0.01024,180
study_44_root_length_day003,0.004096,202
study_44_root_length_day003,0.0016384,206
study_44_root_length_day003,0.16,8
study_44_root_length_day003,0.064,98
study_44_root_length_day003,0.0256,151
study_44_root_length_day003,0.01024,193
study_44_root_length_day003,0.004096,202
study_44_root_length_day003,0.0016384,220
study_44_root_length_day003,0.16,8
study_44_root_length_day003,0.064,76
study_44_root_length_day003,0.0256,137
study_44_root_length_day003,0.01024,179
study_44_root_length_day003,0.004096,205
study_44_root_length_day003,0.0016384,217
study_4_M130T666,0.16,1
study_4_M130T666,0.064,12
study_4_M130T666,0.0256,152
study_4_M130T666,0.01024,278
study_4_M130T666,0.004096,333
study_4_M130T666,0.0016384,368
study_4_M130T666,0.16,1
study_4_M130T666,0.064,10
study_4_M130T666,0.0256,156
study_4_M130T666,0.01024,280
study_4_M130T666,0.004096,330
study_4_M130T666,0.0016384,381
study_4_M130T666,0.16,1
study_4_M130T666,0.064,11
study_4_M130T666,0.0256,161
study_4_M130T666,0.01024,284
study_4_M130T666,0.004096,337
study_4_M130T666,0.0016384,377
study_4_M130T666,0.16,2
study_4_M130T666,0.064,11
study_4_M130T666,0.0256,140
study_4_M130T666,0.01024,268
study_4_M130T666,0.004096,332
study_4_M130T666,0.0016384,386
study_4_M130T666,0.16,1
study_4_M130T666,0.064,6
study_4_M130T666,0.0256,169
study_4_M130T666,0.01024,274
study_4_M130T666,0.004096,342
study_4_M130T666,0.0016384,367
study_4_M130T666,0.16,1
study_4_M130T666,0.064,13
study_4_M130T666,0.0256,180
study_4_M130T666,0.01024,297
study_4_M130T666,0.004096,338
study_4_M130T666,0.0016384,360
study_4_M130T666,0.16,1
study_4_M130T666,0.064,11
study_4_M130T666,0.0256,158
study_4_M130T666,0.01024,284
study_4_M130T666,0.004096,336
study_4_M130T666,0.0016384,387
study_4_M130T666,0.16,2
study_4_M130T666,0.064,12
study_4_M130T666,0.0256,175
study_4_M130T666,0.01024,290
study_4_M130T666,0.004096,342
study_4_M130T666,0.0016384,373
study_4_M130T666,0.16,2
study_4_M130T666,0.064,12
study_4_M130T666,0.0256,157
study_4_M130T666,0.01024,266
study_4_M130T666,0.004096,320
study_4_M130T666,0.0016384,364
study_4_M130T666,0.16,2
study_4_M130T666,0.064,11
study_4_M130T666,0.0256,157
study_4_M130T666,0.01024,270
study_4_M130T666,0.004096,345
study_4_M130T666,0.0016384,379
herbavore_resistance_G5MSP,0.16,3
herbavore_resistance_G5MSP,0.064,55
herbavore_resistance_G5MSP,0.0256,234
herbavore_resistance_G5MSP,0.01024,381
herbavore_resistance_G5MSP,0.004096,480
herbavore_resistance_G5MSP,0.0016384,524
herbavore_resistance_G5MSP,0.16,3
herbavore_resistance_G5MSP,0.064,53
herbavore_resistance_G5MSP,0.0256,218
herbavore_resistance_G5MSP,0.01024,380
herbavore_resistance_G5MSP,0.004096,473
herbavore_resistance_G5MSP,0.0016384,519
herbavore_resistance_G5MSP,0.16,1
herbavore_resistance_G5MSP,0.064,48
herbavore_resistance_G5MSP,0.0256,211
herbavore_resistance_G5MSP,0.01024,383
herbavore_resistance_G5MSP,0.004096,478
herbavore_resistance_G5MSP,0.0016384,520
herbavore_resistance_G5MSP,0.16,2
herbavore_resistance_G5MSP,0.064,52
herbavore_resistance_G5MSP,0.0256,241
herbavore_resistance_G5MSP,0.01024,381
herbavore_resistance_G5MSP,0.004096,473
herbavore_resistance_G5MSP,0.0016384,518
herbavore_resistance_G5MSP,0.16,3
herbavore_resistance_G5MSP,0.064,67
herbavore_resistance_G5MSP,0.0256,229
herbavore_resistance_G5MSP,0.01024,392
herbavore_resistance_G5MSP,0.004096,468
herbavore_resistance_G5MSP,0.0016384,509
herbavore_resistance_G5MSP,0.16,1
herbavore_resistance_G5MSP,0.064,54
herbavore_resistance_G5MSP,0.0256,231
herbavore_resistance_G5MSP,0.01024,389
herbavore_resistance_G5MSP,0.004096,475
herbavore_resistance_G5MSP,0.0016384,522
herbavore_resistance_G5MSP,0.16,0
herbavore_resistance_G5MSP,0.064,46
herbavore_resistance_G5MSP,0.0256,221
herbavore_resistance_G5MSP,0.01024,383
herbavore_resistance_G5MSP,0.004096,473
herbavore_resistance_G5MSP,0.0016384,527
herbavore_resistance_G5MSP,0.16,1
herbavore_resistance_G5MSP,0.064,45
herbavore_resistance_G5MSP,0.0256,220
herbavore_resistance_G5MSP,0.01024,371
herbavore_resistance_G5MSP,0.004096,468
herbavore_resistance_G5MSP,0.0016384,522
herbavore_resistance_G5MSP,0.16,2
herbavore_resistance_G5MSP,0.064,46
herbavore_resistance_G5MSP,0.0256,222
herbavore_resistance_G5MSP,0.01024,386
herbavore_resistance_G5MSP,0.004096,474
herbavore_resistance_G5MSP,0.0016384,517
herbavore_resistance_G5MSP,0.16,2
herbavore_resistance_G5MSP,0.064,54
herbavore_resistance_G5MSP,0.0256,210
herbavore_resistance_G5MSP,0.01024,404
herbavore_resistance_G5MSP,0.004096,480
herbavore_resistance_G5MSP,0.0016384,522
